[
  {
    "id": "59d5e577-4bf3-4add-8448-bee94d3d7df2",
    "data": [
      {
        "text": "I want to eat ice cream. Suggest some places.",
        "userDefined": false
      }
    ],
    "isTemplate": false,
    "count": 0,
    "lang": "en",
    "updated": 0
  },
  {
    "id": "50ce1241-d0c0-44f4-b0be-aac268a13c98",
    "data": [
      {
        "text": "Any good ice cream places near me?",
        "userDefined": false
      }
    ],
    "isTemplate": false,
    "count": 0,
    "lang": "en",
    "updated": 0
  },
  {
    "id": "d34097cb-5d91-4d80-850a-ab7db6643560",
    "data": [
      {
        "text": "Where can I get ice cream in ",
        "userDefined": false
      },
      {
        "text": "[Portland]",
        "meta": "@sys.geo-city",
        "alias": "geo-city",
        "userDefined": true
      },
      {
        "text": "?",
        "userDefined": false
      }
    ],
    "isTemplate": false,
    "count": 0,
    "lang": "en",
    "updated": 0
  },
  {
    "id": "22024a7e-48a1-48f7-bc4c-8e5d8efe3174",
    "data": [
      {
        "text": "Find me an ice cream shop.",
        "userDefined": false
      }
    ],
    "isTemplate": false,
    "count": 0,
    "lang": "en",
    "updated": 0
  },
  {
    "id": "1c4901f7-0094-4b84-b790-ae9dc4a0956b",
    "data": [
      {
        "text": "Where can I get vegan ice cream near ",
        "userDefined": false
      },
      {
        "text": "Division",
        "meta": "@sys.geo-city",
        "alias": "geo-city",
        "userDefined": true
      },
      {
        "text": "?",
        "userDefined": false
      }
    ],
    "isTemplate": false,
    "count": 0,
    "lang": "en",
    "updated": 0
  },
  {
    "id": "be070ed3-807e-4e6d-8662-d254a8fe65f5",
    "data": [
      {
        "text": "Best shops in ",
        "userDefined": false
      },
      {
        "text": "Pearl District",
        "meta": "@sys.geo-city",
        "alias": "geo-city",
        "userDefined": true
      }
    ],
    "isTemplate": false,
    "count": 0,
    "lang": "en",
    "updated": 0
  },
  {
    "id": "00bf9413-05cb-48fd-8bf4-ddb4552a4887",
    "data": [
      {
        "text": "Find ice creams in ",
        "userDefined": false
      },
      {
        "text": "Portland",
        "meta": "@sys.geo-city",
        "alias": "geo-city",
        "userDefined": true
      },
      {
        "text": ".",
        "userDefined": false
      }
    ],
    "isTemplate": false,
    "count": 0,
    "lang": "en",
    "updated": 0
  },
  {
    "id": "f13d8088-6c25-47ce-9429-8ac2196e14b2",
    "data": [
      {
        "text": "Find ice creams shop in ",
        "userDefined": false
      },
      {
        "text": "Portland",
        "meta": "@sys.geo-city",
        "alias": "geo-city",
        "userDefined": true
      },
      {
        "text": ".",
        "userDefined": false
      }
    ],
    "isTemplate": false,
    "count": 0,
    "lang": "en",
    "updated": 0
  },
  {
    "id": "80fb18aa-c17e-442b-a57c-2233e219a531",
    "data": [
      {
        "text": "Locate the best ice cream places in ",
        "userDefined": false
      },
      {
        "text": "Portland",
        "meta": "@sys.geo-city",
        "alias": "geo-city",
        "userDefined": false
      },
      {
        "text": ".",
        "userDefined": false
      }
    ],
    "isTemplate": false,
    "count": 0,
    "lang": "en",
    "updated": 0
  },
  {
    "id": "3df9619d-6689-4b1d-a33f-cbbd3b34ad7d",
    "data": [
      {
        "text": "Find me the nearest ice cream shop.",
        "userDefined": false
      }
    ],
    "isTemplate": false,
    "count": 0,
    "lang": "en",
    "updated": 0
  },
  {
    "id": "44790db9-03c0-4611-b42c-cb5ebff098df",
    "data": [
      {
        "text": "Help me find ice cream shops around me.",
        "userDefined": false
      }
    ],
    "isTemplate": false,
    "count": 0,
    "lang": "en",
    "updated": 0
  },
  {
    "id": "f72dc107-c999-4f9c-8a54-65436cbe7cca",
    "data": [
      {
        "text": "Find places that offer ",
        "userDefined": false
      },
      {
        "text": "seasonal flavors",
        "meta": "@flavor",
        "alias": "flavor",
        "userDefined": false
      },
      {
        "text": ".",
        "userDefined": false
      }
    ],
    "isTemplate": false,
    "count": 0,
    "lang": "en",
    "updated": 0
  },
  {
    "id": "a4452879-7113-4f7b-9388-c181d3509e19",
    "data": [
      {
        "text": "Where can I find ",
        "userDefined": false
      },
      {
        "text": "gulab jamun",
        "meta": "@flavor",
        "alias": "flavor",
        "userDefined": false
      },
      {
        "text": " ice cream?",
        "userDefined": false
      }
    ],
    "isTemplate": false,
    "count": 0,
    "lang": "en",
    "updated": 0
  },
  {
    "id": "b2d153f0-ab63-4ec5-bd27-e144f2d67053",
    "data": [
      {
        "text": "Are there any shops with ",
        "userDefined": false
      },
      {
        "text": "mint chip",
        "meta": "@flavor",
        "alias": "flavor",
        "userDefined": true
      },
      {
        "text": " ice cream?",
        "userDefined": false
      }
    ],
    "isTemplate": false,
    "count": 0,
    "lang": "en",
    "updated": 0
  },
  {
    "id": "7c581dcb-3a74-427c-b93c-4705dcb9d5b6",
    "data": [
      {
        "text": "Where can I get ",
        "userDefined": false
      },
      {
        "text": "strawberry",
        "meta": "@flavor",
        "alias": "flavor",
        "userDefined": true
      },
      {
        "text": " ice cream?",
        "userDefined": false
      }
    ],
    "isTemplate": false,
    "count": 0,
    "lang": "en",
    "updated": 0
  },
  {
    "id": "d8bc2b6a-8e72-4402-bebf-5f98685471a2",
    "data": [
      {
        "text": "Which places serve ",
        "userDefined": false
      },
      {
        "text": "vanilla",
        "meta": "@flavor",
        "alias": "flavor",
        "userDefined": false
      },
      {
        "text": " ice cream?",
        "userDefined": false
      }
    ],
    "isTemplate": false,
    "count": 0,
    "lang": "en",
    "updated": 0
  },
  {
    "id": "1a6fd65c-133f-4e43-8f37-1afe5dac7a91",
    "data": [
      {
        "text": "Find shops with ",
        "userDefined": false
      },
      {
        "text": "chocolate",
        "meta": "@flavor",
        "alias": "flavor",
        "userDefined": true
      },
      {
        "text": " ice cream.",
        "userDefined": false
      }
    ],
    "isTemplate": false,
    "count": 0,
    "lang": "en",
    "updated": 0
  },
  {
    "id": "74f344b3-9302-4601-8f75-38bda57a81f1",
    "data": [
      {
        "text": "Where can I find ",
        "userDefined": false
      },
      {
        "text": "vegan",
        "meta": "@dietary_preference",
        "alias": "dietary_preference",
        "userDefined": true
      },
      {
        "text": " ice cream?",
        "userDefined": false
      }
    ],
    "isTemplate": false,
    "count": 0,
    "lang": "en",
    "updated": 0
  },
  {
    "id": "ff0c2f08-bf02-40ac-b597-fa63923a7e9f",
    "data": [
      {
        "text": "Find dairy-free ice cream shops in ",
        "userDefined": false
      },
      {
        "text": "[location]",
        "meta": "@sys.geo-city",
        "alias": "geo-city",
        "userDefined": true
      },
      {
        "text": ".",
        "userDefined": false
      }
    ],
    "isTemplate": false,
    "count": 0,
    "lang": "en",
    "updated": 0
  },
  {
    "id": "596c8fa4-549a-4081-8251-15115dce0768",
    "data": [
      {
        "text": "Where can I buy ice cream in ",
        "userDefined": false
      },
      {
        "text": "[specific area]",
        "meta": "@sys.geo-city",
        "alias": "geo-city",
        "userDefined": true
      },
      {
        "text": "?",
        "userDefined": false
      }
    ],
    "isTemplate": false,
    "count": 0,
    "lang": "en",
    "updated": 0
  },
  {
    "id": "bb842ab3-9919-4c8f-9375-18db41a9686e",
    "data": [
      {
        "text": "What ice cream places are in ",
        "userDefined": false
      },
      {
        "text": "downtown",
        "meta": "@sys.geo-city",
        "alias": "geo-city",
        "userDefined": true
      },
      {
        "text": "?",
        "userDefined": false
      }
    ],
    "isTemplate": false,
    "count": 0,
    "lang": "en",
    "updated": 0
  },
  {
    "id": "fa2795f9-2c46-41a6-8675-debc1a4d4de8",
    "data": [
      {
        "text": "Find me ice cream shops near ",
        "userDefined": false
      },
      {
        "text": "downtown",
        "meta": "@sys.geo-city",
        "alias": "geo-city",
        "userDefined": true
      },
      {
        "text": ".",
        "userDefined": false
      }
    ],
    "isTemplate": false,
    "count": 0,
    "lang": "en",
    "updated": 0
  },
  {
    "id": "99656e02-065c-457e-913a-3cb2ee7c6b3c",
    "data": [
      {
        "text": "Which shops offer delivery options?",
        "userDefined": false
      }
    ],
    "isTemplate": false,
    "count": 0,
    "lang": "en",
    "updated": 0
  },
  {
    "id": "02e2d701-327c-4206-b208-ad2eb09189ea",
    "data": [
      {
        "text": "Find places that have ",
        "userDefined": false
      },
      {
        "text": "Gulab Jamun",
        "meta": "@flavor",
        "alias": "flavor",
        "userDefined": true
      },
      {
        "text": " ice cream",
        "userDefined": false
      }
    ],
    "isTemplate": false,
    "count": 0,
    "lang": "en",
    "updated": 0
  },
  {
    "id": "12b7d13d-7302-46dd-8b3c-25e7f67afc32",
    "data": [
      {
        "text": "Show me ice cream shops within 2 miles",
        "userDefined": false
      }
    ],
    "isTemplate": false,
    "count": 0,
    "lang": "en",
    "updated": 0
  },
  {
    "id": "d090e385-f8f9-4d7e-83c4-74260fddbfe8",
    "data": [
      {
        "text": "Where can I find seasonal ",
        "userDefined": false
      },
      {
        "text": "flavors",
        "meta": "@flavor",
        "alias": "flavor",
        "userDefined": true
      },
      {
        "text": " right now?",
        "userDefined": false
      }
    ],
    "isTemplate": false,
    "count": 0,
    "lang": "en",
    "updated": 0
  },
  {
    "id": "e5cb5296-2152-4234-9c30-61104846a56e",
    "data": [
      {
        "text": "What are the highest-rated ice cream ",
        "userDefined": false
      },
      {
        "text": "places",
        "meta": "@sys.geo-city",
        "alias": "geo-city",
        "userDefined": true
      },
      {
        "text": "?",
        "userDefined": false
      }
    ],
    "isTemplate": false,
    "count": 0,
    "lang": "en",
    "updated": 0
  },
  {
    "id": "fb85d319-ef1e-44c3-8ab3-adf3ce843e11",
    "data": [
      {
        "text": "Find shops that offer ",
        "userDefined": false
      },
      {
        "text": "dairy-free",
        "meta": "@dietary_preference",
        "alias": "dietary_preference",
        "userDefined": true
      },
      {
        "text": " options near ",
        "userDefined": false
      },
      {
        "text": "Pearl District",
        "meta": "@sys.geo-city",
        "alias": "geo-city",
        "userDefined": true
      }
    ],
    "isTemplate": false,
    "count": 0,
    "lang": "en",
    "updated": 0
  },
  {
    "id": "647597df-89b8-48bd-9bee-13d8e5ebffaf",
    "data": [
      {
        "text": "Show me ice cream shops with outdoor seating",
        "userDefined": false
      }
    ],
    "isTemplate": false,
    "count": 0,
    "lang": "en",
    "updated": 0
  },
  {
    "id": "2b0c10a2-bc67-46bd-ae01-895eaecf8909",
    "data": [
      {
        "text": "Where can I find Salt \u0026 Straw in ",
        "userDefined": false
      },
      {
        "text": "Portland",
        "meta": "@sys.geo-city",
        "alias": "geo-city",
        "userDefined": false
      },
      {
        "text": "?",
        "userDefined": false
      }
    ],
    "isTemplate": false,
    "count": 0,
    "lang": "en",
    "updated": 0
  },
  {
    "id": "de8c0e42-51d0-4656-8176-f091b36fc0f6",
    "data": [
      {
        "text": "Which ice cream ",
        "userDefined": false
      },
      {
        "text": "places",
        "meta": "@sys.geo-city",
        "alias": "geo-city",
        "userDefined": true
      },
      {
        "text": " are open now?",
        "userDefined": false
      }
    ],
    "isTemplate": false,
    "count": 0,
    "lang": "en",
    "updated": 0
  },
  {
    "id": "302efe08-7c3c-45c1-b616-f73ce143c5fa",
    "data": [
      {
        "text": "Find shops that serve chocolate ",
        "userDefined": false
      },
      {
        "text": "flavor",
        "meta": "@flavor",
        "alias": "flavor",
        "userDefined": true
      }
    ],
    "isTemplate": false,
    "count": 0,
    "lang": "en",
    "updated": 0
  },
  {
    "id": "a9c93efa-b27c-44ae-9e5d-c1561afab24c",
    "data": [
      {
        "text": "Are there any ",
        "userDefined": false
      },
      {
        "text": "gluten-free",
        "meta": "@dietary_preference",
        "alias": "dietary_preference",
        "userDefined": true
      },
      {
        "text": " ice cream options in ",
        "userDefined": false
      },
      {
        "text": "Southeast",
        "meta": "@sys.geo-city",
        "alias": "geo-city",
        "userDefined": true
      },
      {
        "text": "?",
        "userDefined": false
      }
    ],
    "isTemplate": false,
    "count": 0,
    "lang": "en",
    "updated": 0
  },
  {
    "id": "7d1da669-35b1-434f-ac29-70649c8f7617",
    "data": [
      {
        "text": "Show me ice cream ",
        "userDefined": false
      },
      {
        "text": "places",
        "meta": "@sys.geo-city",
        "alias": "geo-city",
        "userDefined": true
      },
      {
        "text": " with good reviews",
        "userDefined": false
      }
    ],
    "isTemplate": false,
    "count": 0,
    "lang": "en",
    "updated": 0
  },
  {
    "id": "5d9f6513-695c-4fbb-9fec-306bdfd9a721",
    "data": [
      {
        "text": "Where can I get ",
        "userDefined": false
      },
      {
        "text": "sugar-free",
        "meta": "@dietary_preference",
        "alias": "dietary_preference",
        "userDefined": true
      },
      {
        "text": " ice cream near ",
        "userDefined": false
      },
      {
        "text": "downtown",
        "meta": "@sys.geo-city",
        "alias": "geo-city",
        "userDefined": true
      },
      {
        "text": "?",
        "userDefined": false
      }
    ],
    "isTemplate": false,
    "count": 0,
    "lang": "en",
    "updated": 0
  },
  {
    "id": "7f2f25a4-c36f-4c0f-b512-01f0a479249c",
    "data": [
      {
        "text": "Find vegan ice cream shops in ",
        "userDefined": false
      },
      {
        "text": "Portland",
        "meta": "@sys.geo-city",
        "alias": "geo-city",
        "userDefined": true
      }
    ],
    "isTemplate": false,
    "count": 0,
    "lang": "en",
    "updated": 0
  },
  {
    "id": "26fcd5a8-550b-4f8e-a326-f885bc852b44",
    "data": [
      {
        "text": "What\u0027s the ",
        "userDefined": false
      },
      {
        "text": "nearest",
        "meta": "@sys.geo-city",
        "alias": "geo-city",
        "userDefined": true
      },
      {
        "text": " ice cream shop to me?",
        "userDefined": false
      }
    ],
    "isTemplate": false,
    "count": 0,
    "lang": "en",
    "updated": 0
  }
]