{
  "interactionModel": {
    "languageModel": {
      "intents": [
        {
          "name": "AMAZON.StopIntent",
          "samples": []
        },
        {
          "name": "AMAZON.HelpIntent",
          "samples": []
        },
        {
          "name": "AMAZON.CancelIntent",
          "samples": []
        },
        {
          "name": "AMAZON.YesIntent",
          "samples": []
        },
        {
          "name": "AMAZON.NoIntent",
          "samples": []
        },
        {
          "slots": [
            {
              "name": "Quantity",
              "type": "AMAZON.NUMBER"
            },
            {
              "name": "DietaryPreference",
              "type": "DietaryPreference"
            }
          ],
          "name": "OrderIceCreamIntent",
          "samples": [
            "order {Quantity} ice creams",
            "i want {Quantity} {DietaryPreference} ice creams",
            "get me {Quantity}",
            "two ice creams",
            "no dietary preference",
            "regular ice cream",
            "{Quantity}",
            "{DietaryPreference}",
            "{Quantity} {DietaryPreference}",
            "{DietaryPreference} {Quantity}",
            "order ice cream",
            "I am craving for ice cream. Can you help",
            "Help me order {Quantity} ice cream please",
            "I would like to have {Quantity} ice creams",
            "Can I get {DietaryPreference} ice cream for under twenty bucks",
            "I want a {DietaryPreference} ice cream",
            "Please order {Quantity} {DietaryPreference} ice creams",
            "I would like {Quantity} ice creams with a {DietaryPreference} option",
            "Get me {Quantity} ice creams that are {DietaryPreference}",
            "Place an order for {Quantity} ice creams and make sure they are {DietaryPreference}",
            "I need {Quantity} {DietaryPreference} ice creams delivered",
            "Order {Quantity} ice creams and please make them {DietaryPreference}",
            "Could you get me {Quantity} ice creams ensuring they are {DietaryPreference}",
            "I would like to try the Salt and Straw Mango flavor. Can you order {Quantity} of them via Doordash",
            "Please arrange {Quantity} ice creams that are {DietaryPreference} delivered by Doordash",
            "Get me {Quantity} servings of Brownies ice cream with a {DietaryPreference} twist",
            "I want {Quantity} ice creams. Make sure at least one is {DietaryPreference} and have them ready for pickup at noon"
          ]
        },
        {
          "name": "AMAZON.NavigateHomeIntent",
          "samples": []
        }
      ],
      "types": [
        {
          "values": [
            {
              "name": {
                "synonyms": [
                  "lactose-free",
                  "non-dairy"
                ],
                "value": "dairy-free"
              }
            },
            {
              "name": {
                "synonyms": [
                  "no sugar",
                  "sugarless"
                ],
                "value": "sugar-free"
              }
            },
            {
              "name": {
                "synonyms": [
                  "no gluten",
                  "wheat-free"
                ],
                "value": "gluten-free"
              }
            },
            {
              "name": {
                "synonyms": [
                  "plant-based"
                ],
                "value": "vegan"
              }
            },
            {
              "name": {
                "synonyms": [
                  "no preference",
                  "none",
                  "normal"
                ],
                "value": "regular"
              }
            }
          ],
          "name": "DietaryPreference"
        }
      ],
      "invocationName": "quick scoop"
    }
  }
}